COD,DIAGNOSTICO,CLASIFICACION
1A00,Cólera,ENFERMEDADES INFECCIOSAS Y PARASITARIAS
1A07,Fiebre tifoidea,ENFERMEDADES INFECCIOSAS Y PARASITARIAS
1A31 ,Giardiasis,ENFERMEDADES INFECCIOSAS Y PARASITARIAS
1A36 ,Amebiasis,ENFERMEDADES INFECCIOSAS Y PARASITARIAS
1A60 ,Sífilis congénita,ENFERMEDADES INFECCIOSAS Y PARASITARIAS
1A61 ,Sífilis temprana,ENFERMEDADES INFECCIOSAS Y PARASITARIAS
1A62 ,Sífilis tardía,ENFERMEDADES INFECCIOSAS Y PARASITARIAS
1A63 ,Sífilis latente, sin especificarse si es temprana o tardía,ENFERMEDADES INFECCIOSAS Y PARASITARIAS
1A6Z ,Sífilis, sin especificación,ENFERMEDADES INFECCIOSAS Y PARASITARIAS
1A7Z ,Infección gonocócica, sin especificación,ENFERMEDADES INFECCIOSAS Y PARASITARIAS
1A94.0,Infección genital o urogenital por herpes simple,ENFERMEDADES INFECCIOSAS Y PARASITARIAS
1A9Z ,Infecciones de transmisión predominantemente sexual, sin especificación,ENFERMEDADES INFECCIOSAS Y PARASITARIAS
1B1Z ,Tuberculosis, sin especificación,ENFERMEDADES INFECCIOSAS Y PARASITARIAS
1B20 ,Lepra,ENFERMEDADES INFECCIOSAS Y PARASITARIAS
1B7Y ,Otras infecciones bacterianas piógenas especificadas de la piel o de los tejidos subcutáneos (piodermitis),ENFERMEDADES INFECCIOSAS Y PARASITARIAS
1B70 ,Celulitis bacteriana, erisipela o linfangitis,ENFERMEDADES INFECCIOSAS Y PARASITARIAS
1B75.3,Absceso piógeno de la piel,ENFERMEDADES INFECCIOSAS Y PARASITARIAS
1B91 ,Leptospirosis,ENFERMEDADES INFECCIOSAS Y PARASITARIAS
1B95 ,Brucelosis,ENFERMEDADES INFECCIOSAS Y PARASITARIAS
1C12 ,Tos ferina,ENFERMEDADES INFECCIOSAS Y PARASITARIAS
1C13 ,Tétanos,ENFERMEDADES INFECCIOSAS Y PARASITARIAS
1C14 ,Tétanos obstétrico,ENFERMEDADES INFECCIOSAS Y PARASITARIAS
1C15 ,Tétanos neonatal,ENFERMEDADES INFECCIOSAS Y PARASITARIAS
1C17 ,Difteria,ENFERMEDADES INFECCIOSAS Y PARASITARIAS
1C1C.0,Meningitis meningocócica,ENFERMEDADES INFECCIOSAS Y PARASITARIAS
1C1C.Z,Enfermedad meningocócica, sin especificación,ENFERMEDADES INFECCIOSAS Y PARASITARIAS
1C62 ,Infección por el virus de la inmunodeficiencia humana, sin mención de tuberculosis o malaria,ENFERMEDADES INFECCIOSAS Y PARASITARIAS
1C62.3,Infección por el vih en estadio clínico 4 sin mención de tuberculosis o malaria (sida),ENFERMEDADES INFECCIOSAS Y PARASITARIAS
1C81 ,Poliomielitis aguda,ENFERMEDADES INFECCIOSAS Y PARASITARIAS
1C8C ,Encefalitis equina venezolana,ENFERMEDADES INFECCIOSAS Y PARASITARIAS
1C8E ,Meningitis viral no clasificada en otra parte,ENFERMEDADES INFECCIOSAS Y PARASITARIAS
1C82 ,Rabia,ENFERMEDADES INFECCIOSAS Y PARASITARIAS
1D01.0,Meningitis bacteriana,ENFERMEDADES INFECCIOSAS Y PARASITARIAS
1D20 ,Dengue sin signos de alarma,ENFERMEDADES INFECCIOSAS Y PARASITARIAS
1D21 ,Dengue con signos de alarma,ENFERMEDADES INFECCIOSAS Y PARASITARIAS
1D22 ,Dengue gtave,ENFERMEDADES INFECCIOSAS Y PARASITARIAS
1D40 ,Enfermedad por el virus del chikungunya,ENFERMEDADES INFECCIOSAS Y PARASITARIAS
1D47 ,Fiebre amarilla,ENFERMEDADES INFECCIOSAS Y PARASITARIAS
1D48 ,Enfermedad por el virus de zika,ENFERMEDADES INFECCIOSAS Y PARASITARIAS
1D61.3,Fiebre hemorrágica venezolana,ENFERMEDADES INFECCIOSAS Y PARASITARIAS
1D65 ,Síndrome respiratorio agudo grave,ENFERMEDADES INFECCIOSAS Y PARASITARIAS
1D80 ,Parotiditis,ENFERMEDADES INFECCIOSAS Y PARASITARIAS
1D9Z ,Infección viral de localización no especificada, sin especificación,ENFERMEDADES INFECCIOSAS Y PARASITARIAS
1E30 ,Gripe por virus de la gripe estacional identificado,ENFERMEDADES INFECCIOSAS Y PARASITARIAS
1E31 ,Gripe por virus de la gripe pandémica o zoonótica identificada,ENFERMEDADES INFECCIOSAS Y PARASITARIAS
1E32 ,Gripe por virus no identificado,ENFERMEDADES INFECCIOSAS Y PARASITARIAS
1E50.0,Hepatitis a aguda,ENFERMEDADES INFECCIOSAS Y PARASITARIAS
1E50.1,Hepatitis b aguda,ENFERMEDADES INFECCIOSAS Y PARASITARIAS
1E50.2,Hepatitis c aguda,ENFERMEDADES INFECCIOSAS Y PARASITARIAS
1E50.3,Hepatitis d aguda,ENFERMEDADES INFECCIOSAS Y PARASITARIAS
1E50.4,Hepatitis e aguda,ENFERMEDADES INFECCIOSAS Y PARASITARIAS
1E50.Y,Otra hepatitis viral aguda especificada,ENFERMEDADES INFECCIOSAS Y PARASITARIAS
1E50.Z,Hepatitis viral aguda, sin especificación,ENFERMEDADES INFECCIOSAS Y PARASITARIAS
1E8Z ,Infección mucocutánea por el virus del papiloma humano, sin especificación,ENFERMEDADES INFECCIOSAS Y PARASITARIAS
1E90 ,Varicela,ENFERMEDADES INFECCIOSAS Y PARASITARIAS
1F02 ,Rubéola,ENFERMEDADES INFECCIOSAS Y PARASITARIAS
1F03 ,Sarampión,ENFERMEDADES INFECCIOSAS Y PARASITARIAS
1F05.2,Fiebre exantemática enteroviral (enfermedad eruptiva de la infancia),ENFERMEDADES INFECCIOSAS Y PARASITARIAS
1F23.10,Candidosis vulvovaginal,ENFERMEDADES INFECCIOSAS Y PARASITARIAS
1F28,Dermatofitosis (micosis dermica),ENFERMEDADES INFECCIOSAS Y PARASITARIAS
1F28.Z,Dermatofitosis, sin especificación (micosis superficial),ENFERMEDADES INFECCIOSAS Y PARASITARIAS
1F40 ,Paludismo por plasmodium falciparum,ENFERMEDADES INFECCIOSAS Y PARASITARIAS
1F41 ,Paludismo por plasmodium vivax,ENFERMEDADES INFECCIOSAS Y PARASITARIAS
1F42 ,Paludismo por plasmodium malariae,ENFERMEDADES INFECCIOSAS Y PARASITARIAS
1F43 ,Paludismo por plasmodium ovale,ENFERMEDADES INFECCIOSAS Y PARASITARIAS
1F53.1,Enfermedad de chagas aguda sin afectación cardíaca,ENFERMEDADES INFECCIOSAS Y PARASITARIAS
1F53.2,Enfermedad de chagas crónica con afectación cardíaca,ENFERMEDADES INFECCIOSAS Y PARASITARIAS
1F54.0,Leishmaniosis visceral,ENFERMEDADES INFECCIOSAS Y PARASITARIAS
1F54.1,Leishmaniosis cutánea,ENFERMEDADES INFECCIOSAS Y PARASITARIAS
1F54.2,Leishmaniosis mucocutánea,ENFERMEDADES INFECCIOSAS Y PARASITARIAS
1F54.2,Leishmaniosis mucocutánea,ENFERMEDADES INFECCIOSAS Y PARASITARIAS
1F6A ,Oncocercosis,ENFERMEDADES INFECCIOSAS Y PARASITARIAS
1F70 ,Cisticercosis,ENFERMEDADES INFECCIOSAS Y PARASITARIAS
1F9Z ,Helmintiasis, sin especificación,ENFERMEDADES INFECCIOSAS Y PARASITARIAS
1G04 ,Sarna,ENFERMEDADES INFECCIOSAS Y PARASITARIAS
ME05.1,Diarrea menor de 1 año,ENFERMEDADES INFECCIOSAS Y PARASITARIAS
ME05.1,Diarrea de 1 a 4 años,ENFERMEDADES INFECCIOSAS Y PARASITARIAS
ME05.1,Diarrea de 5 años y más,ENFERMEDADES INFECCIOSAS Y PARASITARIAS
VC001,Eta nº de brotes,ENFERMEDADES INFECCIOSAS Y PARASITARIAS
VC002,Casos asociados a brotes de eta,ENFERMEDADES INFECCIOSAS Y PARASITARIAS
2B6A.Z,Neoplasias malignas de la orofaringe, sin especificación,NEOPLASIAS
2B67.Z,Neoplasias malignas de la glándula parótida, sin especificación,NEOPLASIAS
2B90.Z,Neoplasias malignas del colon, sin especificación,NEOPLASIAS
2C3Z ,Neoplasias malignas de la piel de tipo desconocido o sin especificación,NEOPLASIAS
2C6Z ,Neoplasias malignas de mama, sin especificación,NEOPLASIAS
2C73 ,Neoplasias malignas del ovario,NEOPLASIAS
2C76 ,Neoplasias malignas del cuerpo del útero (endometrio),NEOPLASIAS
2C77 ,Neoplasias malignas del cuello uterino,NEOPLASIAS
2D10.Z,Neoplasias malignas de la glándula tiroides, sin especificación,NEOPLASIAS
2E66.0,Neoplasia intraepitelial cervical de grado ii,NEOPLASIAS
2E66.1,Neoplasia intraepitelial cervical de grado iii,NEOPLASIAS
2E80,Lipoma,NEOPLASIAS
2E86,Leiomioma del utero,NEOPLASIAS
2F31.00,Neoplasia intraepitelial cervical de grado i,NEOPLASIAS
2F30.5,Fibroadenoma de la mama,NEOPLASIAS
VC003,Neoplasias malignas de las vías urinarias,NEOPLASIAS
3A9Z ,Anemias u otros trastornos de los eritrocitos, sin especificación,ENFERMEDADES DE LA SANGRE O DE LOS ÓRGANOS HEMATOPOYÉTICOS
5A00,Hipotiroidismo,ENFERMEDADES ENDOCRINAS, NUTRICIONALES O METABÓLICAS
5A01 ,Bocio atóxico,ENFERMEDADES ENDOCRINAS, NUTRICIONALES O METABÓLICAS
5A02 ,Tirotoxicosis,ENFERMEDADES ENDOCRINAS, NUTRICIONALES O METABÓLICAS
5A03 ,Tiroiditis,ENFERMEDADES ENDOCRINAS, NUTRICIONALES O METABÓLICAS
5A02.z,Tirotoxicosis sin especificación (hipertiroidismo sin especificación),ENFERMEDADES ENDOCRINAS, NUTRICIONALES O METABÓLICAS
5A10,Diabetes mellitus tipo 1 menos de 25 años,ENFERMEDADES ENDOCRINAS, NUTRICIONALES O METABÓLICAS
5A10,Diabetes mellitus tipo 1 mas de 25 años,ENFERMEDADES ENDOCRINAS, NUTRICIONALES O METABÓLICAS
5A11,Diabetes mellitus tipo 2 menos de 25 años,ENFERMEDADES ENDOCRINAS, NUTRICIONALES O METABÓLICAS
5A11,Diabetes mellitus tipo 2 más de 25 años,ENFERMEDADES ENDOCRINAS, NUTRICIONALES O METABÓLICAS
5A44 ,Síndromes de resistencia a la insulina,ENFERMEDADES ENDOCRINAS, NUTRICIONALES O METABÓLICAS
5A50,Hipoparatiroidismo,ENFERMEDADES ENDOCRINAS, NUTRICIONALES O METABÓLICAS
5A51,Hiperparatiroidismo,ENFERMEDADES ENDOCRINAS, NUTRICIONALES O METABÓLICAS
5A70,Sindrome de cushing,ENFERMEDADES ENDOCRINAS, NUTRICIONALES O METABÓLICAS
5A80.1,Sindrome de ovario poliquistico,ENFERMEDADES ENDOCRINAS, NUTRICIONALES O METABÓLICAS
5A80.2,Ovario poliquistico,ENFERMEDADES ENDOCRINAS, NUTRICIONALES O METABÓLICAS
5B80.0,Sobrepeso,ENFERMEDADES ENDOCRINAS, NUTRICIONALES O METABÓLICAS
5B81 ,Obesidad,ENFERMEDADES ENDOCRINAS, NUTRICIONALES O METABÓLICAS
VC004,Desnutricion leve <15a.(e44.1),ENFERMEDADES ENDOCRINAS, NUTRICIONALES O METABÓLICAS
VC005,Desnutricion moderada <15a.(e44.0),ENFERMEDADES ENDOCRINAS, NUTRICIONALES O METABÓLICAS
VC006,Desnutricion grave <15a. (e40-e43,e45),ENFERMEDADES ENDOCRINAS, NUTRICIONALES O METABÓLICAS
VC007,Hemorragia intracraneal (ecv hemorragico),ENFERMEDADES DEL SITEMA NERVIOSO
VC008,Isquemia cerebral (ecv isquemico),ENFERMEDADES DEL SITEMA NERVIOSO
8A66.Z,Estado epiléptico, sin especificación,ENFERMEDADES DEL SITEMA NERVIOSO
8A68.Z,Tipo de convulsión, sin especificación,ENFERMEDADES DEL SITEMA NERVIOSO
8A8Z ,Trastornos de cefalea, sin especificación,ENFERMEDADES DEL SITEMA NERVIOSO
8B20,Accidente cerebrovascular y se desconoce si es isquemico o hemorragico,ENFERMEDADES DEL SITEMA NERVIOSO
8B93.0,Radiculopatía compresiva,ENFERMEDADES DEL SITEMA NERVIOSO
8C10.0,Síndrome del túnel carpiano,ENFERMEDADES DEL SITEMA NERVIOSO
VC009,Luxaciones,ENFERMEDADES DEL SITEMA NERVIOSO
VC010,Hernia discal,ENFERMEDADES DEL SITEMA NERVIOSO
8D2Z ,Parálisis cerebral, sin especificación (paralisis cerebral infantil),ENFERMEDADES DEL SITEMA NERVIOSO
8E43.0,Dolor neuropático,ENFERMEDADES DEL SITEMA NERVIOSO
9A01.3,Blefaritis infecciosa,ENFERMEDAD DEL APARATO VISUAL
9A02,Chalación,ENFERMEDAD DEL APARATO VISUAL
9B10,Catarata,ENFERMEDAD DEL APARATO VISUAL
9D00,Trastorno de refracción,ENFERMEDAD DEL APARATO VISUAL
QB51.2,Presencia de lente intraocular,ENFERMEDAD DEL APARATO VISUAL
AB30,Sindrome vestibular agudo,ENFERMEDADES DEL OIDO O DE LA APOFISIS MASTOIDE
AB31,Sindrome de méniére,ENFERMEDADES DEL OIDO O DE LA APOFISIS MASTOIDE
AB32,Sindrome vestibular crónico,ENFERMEDADES DEL OIDO O DE LA APOFISIS MASTOIDE
AB51.0,Perdida de la audición conductiva adquirida (hipoacusia conductiva),ENFERMEDADES DEL OIDO O DE LA APOFISIS MASTOIDE
BA00.,Hipertensión esencial menor de 15a,ENFERMEDADES DEL SISTEMA CIRCULATORIO
BA00.,Hipertensión esencial 15-44a,ENFERMEDADES DEL SISTEMA CIRCULATORIO
BA00.,Hipertensión esencial 45a y más,ENFERMEDADES DEL SISTEMA CIRCULATORIO
BA00.1,Hipertensión diastolica aislada,ENFERMEDADES DEL SISTEMA CIRCULATORIO
BA00.2,Hipertensión sistolica aislada,ENFERMEDADES DEL SISTEMA CIRCULATORIO
BA03,Crisis hipertensiva,ENFERMEDADES DEL SISTEMA CIRCULATORIO
VC011,Cardiopatia isquemica aguda: de la ba40 a la ba4z,ENFERMEDADES DEL SISTEMA CIRCULATORIO
BA40,Angina de pecho,ENFERMEDADES DEL SISTEMA CIRCULATORIO
BA41,Infarto agudo de miocardio menor de 45a,ENFERMEDADES DEL SISTEMA CIRCULATORIO
BA41,Infarto agudo de miocardio  de 45a y más,ENFERMEDADES DEL SISTEMA CIRCULATORIO
BA42,Infarto de miocardio subsecuente,ENFERMEDADES DEL SISTEMA CIRCULATORIO
BA43,Trombosis coronaria que no conduce a infarto del miocardio,ENFERMEDADES DEL SISTEMA CIRCULATORIO
BA4Z,Cardiopatía isquemica aguda sin especificación,ENFERMEDADES DEL SISTEMA CIRCULATORIO
VC012,Cardiopatia isquemica crónica de la ba50 a la ba6z,ENFERMEDADES DEL SISTEMA CIRCULATORIO
BA50,Infarto del miocardio antiguo,ENFERMEDADES DEL SISTEMA CIRCULATORIO
BA51,Miocardiopatia isquemica (crónico),ENFERMEDADES DEL SISTEMA CIRCULATORIO
BA6Z,Cardiopatía isquemica sin especificación,ENFERMEDADES DEL SISTEMA CIRCULATORIO
BC20,Endocarditis reumatica,ENFERMEDADES DEL SISTEMA CIRCULATORIO
BC63,Trastornos de conducción (bloqueos),ENFERMEDADES DEL SISTEMA CIRCULATORIO
BD10,Insuficiencia cardiaca congestiva,ENFERMEDADES DEL SISTEMA CIRCULATORIO
BD1Y,Otra insuficiencia cardiaca especificada,ENFERMEDADES DEL SISTEMA CIRCULATORIO
BD1Z,Insuficiencia cardiaca sin especificación,ENFERMEDADES DEL SISTEMA CIRCULATORIO
VC013,Arritmia cardiaca,ENFERMEDADES DEL SISTEMA CIRCULATORIO
BD74.1,Várices de las extremidades inferiores,ENFERMEDADES DEL SISTEMA CIRCULATORIO
BD74.3,Úlceras venosas de la pierna,ENFERMEDADES DEL SISTEMA CIRCULATORIO
BD75.1,Várices escrotales,ENFERMEDADES DEL SISTEMA CIRCULATORIO
CA01,Sinusitis aguda (rinosinusitis aguda) menos de 5 años,ENFERMEDADES DEL APARATO RESPIRATORIO
CA01,Sinusitis aguda (rinosinusitis aguda) más de 5 años,ENFERMEDADES DEL APARATO RESPIRATORIO
CA02,Faringitis aguda menos de 5 años,ENFERMEDADES DEL APARATO RESPIRATORIO
CA02,Faringitis agudamas de 5 años,ENFERMEDADES DEL APARATO RESPIRATORIO
CA03,Amigdalitis aguda,ENFERMEDADES DEL APARATO RESPIRATORIO
CA04,Laringofaringitis aguda,ENFERMEDADES DEL APARATO RESPIRATORIO
CA05,Laringitis o traqueitis aguda,ENFERMEDADES DEL APARATO RESPIRATORIO
CA06.Z,Laringitis obstructiva aguda o epiglotitis, sin especificación,ENFERMEDADES DEL APARATO RESPIRATORIO
CA07 ,Infecciones respiratorias agudas de vías altas, en localizaciones múltiples y no especificadas,ENFERMEDADES DEL APARATO RESPIRATORIO
CA08,Rinitis alergica,ENFERMEDADES DEL APARATO RESPIRATORIO
CA09,Rinitis, nasofaringitis o faringitis crónicas,ENFERMEDADES DEL APARATO RESPIRATORIO
CA0A,Sinusitis crónica,ENFERMEDADES DEL APARATO RESPIRATORIO
CA20.1,Bronquitis crónica,ENFERMEDADES DEL APARATO RESPIRATORIO
CA23 ,Asma menos de 10 años,ENFERMEDADES DEL APARATO RESPIRATORIO
CA23 ,Asma más de 10 años,ENFERMEDADES DEL APARATO RESPIRATORIO
CA4Z ,Infecciones pulmonares, sin especificación,ENFERMEDADES DEL APARATO RESPIRATORIO
CA40 ,Neumonía menor 1 años,ENFERMEDADES DEL APARATO RESPIRATORIO
CA40 ,Neumonía de 1 a 4 años,ENFERMEDADES DEL APARATO RESPIRATORIO
CA40 ,Neumonía mas de 5 años,ENFERMEDADES DEL APARATO RESPIRATORIO
CA41 ,Bronquiolitis aguda,ENFERMEDADES DEL APARATO RESPIRATORIO
CA42 ,Bronquitis aguda,ENFERMEDADES DEL APARATO RESPIRATORIO
CA0F.0,Hipertrofia de amigdalas,ENFERMEDADES DEL APARATO RESPIRATORIO
DA01,Tastorno de la mucosa bucal (incluye estomatitis, ulceras, infecciones de los labios),ENFERMEDADES DEL APARATO DIGESTIVO
DA0B,Enfermedades gigivales,ENFERMEDADES DEL APARATO DIGESTIVO
DA08.0,Caries dental,ENFERMEDADES DEL APARATO DIGESTIVO
DA2Y ,Otras enfermedades especificadas del esófago,ENFERMEDADES DEL APARATO DIGESTIVO
DA42,Gastritis,ENFERMEDADES DEL APARATO DIGESTIVO
DA90.0,Síndrome diarreico,ENFERMEDADES DEL APARATO DIGESTIVO
DA9Y ,Otras enfermedades especificadas del intestino delgado,ENFERMEDADES DEL APARATO DIGESTIVO
DB10,Apendicitis,ENFERMEDADES DEL APARATO DIGESTIVO
DB3Y ,Otras enfermedades especificadas del intestino grueso,ENFERMEDADES DEL APARATO DIGESTIVO
DC11.3,Colelitiasis (incluye liatisis vesicular y del conducto biliar con o sin colangitis y colecistitis),ENFERMEDADES DEL APARATO DIGESTIVO
DC31,Pancreatitis aguda,ENFERMEDADES DEL APARATO DIGESTIVO
DC32,Pancreatitis crónica,ENFERMEDADES DEL APARATO DIGESTIVO
DD50,Hernia, no de la pared diafragmatica (incluye diafragmatica, pélvica, intraabdominal),ENFERMEDADES DEL APARATO DIGESTIVO
DD51,Hernia inguinal,ENFERMEDADES DEL APARATO DIGESTIVO
DD52,Hernia femoral,ENFERMEDADES DEL APARATO DIGESTIVO
DD53,Hernia umbilical,ENFERMEDADES DEL APARATO DIGESTIVO
DD55,Hernia epigastrica,ENFERMEDADES DEL APARATO DIGESTIVO
DD56,Hernia incisional (eventración),ENFERMEDADES DEL APARATO DIGESTIVO
DD5Z,Hernias sin especificación,ENFERMEDADES DEL APARATO DIGESTIVO
DE2Y,Otras enfermedades especificas del aparato digestivo,ENFERMEDADES DEL APARATO DIGESTIVO
DE2Z,Otras enfermedades del aparato digestivo, sin especificar,ENFERMEDADES DEL APARATO DIGESTIVO
AA03,Otomicosis,ENFERMEDADES DE LA PIEL
AB00,Otitis media aguda,ENFERMEDADES DE LA PIEL
AB01,Otitis media crónica,ENFERMEDADES DE LA PIEL
EA80,Eccema atópico (dermatitis atopica),ENFERMEDADES DE LA PIEL
EA90,Psoriasis,ENFERMEDADES DE LA PIEL
EB00.0,Urticaria aguda,ENFERMEDADES DE LA PIEL
EB00.1,Urticaria crónica,ENFERMEDADES DE LA PIEL
EC21.1,Síndromes genéticos con alteraciones del tallo del pelo (sindrome neurocutaneo),ENFERMEDADES DE LA PIEL
ED70,Alopecia,ENFERMEDADES DE LA PIEL
ED80.0,Acné,ENFERMEDADES DE LA PIEL
EE12.1,Onicomicosis,ENFERMEDADES DE LA PIEL
EG4Z,Otitis externa,ENFERMEDADES DE LA PIEL
EH90 ,Úlcera por presión,ENFERMEDADES DE LA PIEL
FA0Z ,Osteoartritis, sin especificación,ENFERMEDADES DEL SISTEMA MUSCULO ESQUELÉTICO O DEL TEJIDO CONECTIVO
FA20 ,Artritis reumatoide,ENFERMEDADES DEL SISTEMA MUSCULO ESQUELÉTICO O DEL TEJIDO CONECTIVO
FA30.0,Hallux valgus adquirido,ENFERMEDADES DEL SISTEMA MUSCULO ESQUELÉTICO O DEL TEJIDO CONECTIVO
FA33 ,Trastorno interno de la rodilla,ENFERMEDADES DEL SISTEMA MUSCULO ESQUELÉTICO O DEL TEJIDO CONECTIVO
FB32.0,Diastasis del musculo,ENFERMEDADES DEL SISTEMA MUSCULO ESQUELÉTICO O DEL TEJIDO CONECTIVO
FB40.5,Tenosinovitis estiloide radial (de quervain),ENFERMEDADES DEL SISTEMA MUSCULO ESQUELÉTICO O DEL TEJIDO CONECTIVO
FB50 ,Bursitis,ENFERMEDADES DEL SISTEMA MUSCULO ESQUELÉTICO O DEL TEJIDO CONECTIVO
FB55.Z,Entesopatías, sin especificación (tendinitis),ENFERMEDADES DEL SISTEMA MUSCULO ESQUELÉTICO O DEL TEJIDO CONECTIVO
FB56.2,Mialgia,ENFERMEDADES DEL SISTEMA MUSCULO ESQUELÉTICO O DEL TEJIDO CONECTIVO
GA01.0,Enfermedad inflamatoria aguda del útero,ENFERMEDADES DEL APARATO GENITOURINARIO
GA01.1,Enfermedad inflamatoria crónica del útero,ENFERMEDADES DEL APARATO GENITOURINARIO
GA15.7,Displasia del cuello uterino,ENFERMEDADES DEL APARATO GENITOURINARIO
GA2Z ,Hemorragia uterina o vaginal anormal, sin especificación,ENFERMEDADES DEL APARATO GENITOURINARIO
GA34.2,Dolor pélvico femenino,ENFERMEDADES DEL APARATO GENITOURINARIO
GA34.3,Dismenorrea,ENFERMEDADES DEL APARATO GENITOURINARIO
GA07 ,Salpingitis y ooforitis,ENFERMEDADES DEL APARATO GENITOURINARIO
GA90 ,Hiperplasia de la próstata,ENFERMEDADES DEL APARATO GENITOURINARIO
GB20.0,Alteración fibroquística,ENFERMEDADES DEL APARATO GENITOURINARIO
GB21.Y,Otros trastornos inflamatorios especificados de la mama (mastitis infecciosa),ENFERMEDADES DEL APARATO GENITOURINARIO
GB23.0,Ectasia de conducto mamario,ENFERMEDADES DEL APARATO GENITOURINARIO
GB70.0,Cálculo en las vías urinarias altas,ENFERMEDADES DEL APARATO GENITOURINARIO
GB71.0,Cálculo en la vejiga,ENFERMEDADES DEL APARATO GENITOURINARIO
GC02 ,Uretritis o síndrome uretral,ENFERMEDADES DEL APARATO GENITOURINARIO
GC08 ,Infección urinaria, localización no especificada,ENFERMEDADES DEL APARATO GENITOURINARIO
GC40 ,Prolapso de órgano pélvico (prolapso utero y vejiga),ENFERMEDADES DEL APARATO GENITOURINARIO
VC014,6.3 microcalcificaciones,ENFERMEDADES DEL APARATO GENITOURINARIO
JA00 ,Aborto,EMBARAZO, PARTO O PUERPERIO
JA00.3,Intento de aborto fallido,EMBARAZO, PARTO O PUERPERIO
JA01,Embarazo ectopico,EMBARAZO, PARTO O PUERPERIO
JA24 ,Preeclampsia,EMBARAZO, PARTO O PUERPERIO
JA25 ,Eclampsia,EMBARAZO, PARTO O PUERPERIO
JA41 ,Hemorragia antes del parto,EMBARAZO, PARTO O PUERPERIO
JB45.0,Absceso de la mama asociado con el parto,EMBARAZO, PARTO O PUERPERIO
LA04 ,Hidrocefalia congénita,ANOMALÍAS DEL DESARROLLO PRENATAL
LA05.51,Displasia cortical,ANOMALÍAS DEL DESARROLLO PRENATAL
LB53 ,Hipospadias,ANOMALÍAS DEL DESARROLLO PRENATAL
MD81 ,Dolor abdominal o pélvico,SÍNTOMAS, SIGNOS O RESULTADOS CLÍNICOS ANORMALES NO CLASIFICADOS EN OTRA PARTE
MG26 ,Fiebre de otro origen o de origen desconocido,SÍNTOMAS, SIGNOS O RESULTADOS CLÍNICOS ANORMALES NO CLASIFICADOS EN OTRA PARTE
ME82 ,Dolor articular,SÍNTOMAS, SIGNOS O RESULTADOS CLÍNICOS ANORMALES NO CLASIFICADOS EN OTRA PARTE
MF3A ,Flujo vaginal,SÍNTOMAS, SIGNOS O RESULTADOS CLÍNICOS ANORMALES NO CLASIFICADOS EN OTRA PARTE
MF56 ,Cólico nefrítico,SÍNTOMAS, SIGNOS O RESULTADOS CLÍNICOS ANORMALES NO CLASIFICADOS EN OTRA PARTE
ND52 ,Fractura de brazo, nivel no especificado,TRAUMATISMOS, INTOXICACIONES U OTRAS CONSECUENCIAS DE CAUSAS EXTERNAS
ND54 ,Fractura de pierna, nivel no especificado,TRAUMATISMOS, INTOXICACIONES U OTRAS CONSECUENCIAS DE CAUSAS EXTERNAS
VC015,Quemaduras,TRAUMATISMOS, INTOXICACIONES U OTRAS CONSECUENCIAS DE CAUSAS EXTERNAS
PH53 ,Exposición de intención no determinada a plaguicidas o a sus efectos nocivos,CAUSAS EXTERNAS DE MORBILIDAD O MORTALIDAD
QA42,Supervisión de embarazo normal,FACTORES QUE INFLUYEN EN EL ESTADO DE SALUD O EL CONTACTO CON LOS SERVICIOS DE SALUD
QA43,Supervisión de embarazo alto riesgo,FACTORES QUE INFLUYEN EN EL ESTADO DE SALUD O EL CONTACTO CON LOS SERVICIOS DE SALUD
QA10 ,Contacto con los servicios de salud para vigilancia o asesoramiento dietético,FACTORES QUE INFLUYEN EN EL ESTADO DE SALUD O EL CONTACTO CON LOS SERVICIOS DE SALUD
QA21.3,Contacto con los servicios de salud para esterilización,FACTORES QUE INFLUYEN EN EL ESTADO DE SALUD O EL CONTACTO CON LOS SERVICIOS DE SALUD
QA21 ,Contacto con los servicios de salud para atención relativa a la anticoncepción,FACTORES QUE INFLUYEN EN EL ESTADO DE SALUD O EL CONTACTO CON LOS SERVICIOS DE SALUD
QB51.C,Presencia de dispositivo anticonceptivo,FACTORES QUE INFLUYEN EN EL ESTADO DE SALUD O EL CONTACTO CON LOS SERVICIOS DE SALUD
QA21.3,Contacto con los servicios de salud para esterilización,FACTORES QUE INFLUYEN EN EL ESTADO DE SALUD O EL CONTACTO CON LOS SERVICIOS DE SALUD
QC2Y,Otro contacto especificado con los servicios de salud asociados con la salud de otros , supervisión  o cuidado de salud  de otro lactante o niño sano (puericultura, control de niño sano),FACTORES QUE INFLUYEN EN EL ESTADO DE SALUD O EL CONTACTO CON LOS SERVICIOS DE SALUD
VC016,5.6 a aco,FACTORES QUE INFLUYEN EN EL ESTADO DE SALUD O EL CONTACTO CON LOS SERVICIOS DE SALUD
VC017,5.6 c dispositivo subdermico,FACTORES QUE INFLUYEN EN EL ESTADO DE SALUD O EL CONTACTO CON LOS SERVICIOS DE SALUD
VC018,5.6 d esterilizacion quirúrgica.,FACTORES QUE INFLUYEN EN EL ESTADO DE SALUD O EL CONTACTO CON LOS SERVICIOS DE SALUD
VC019,5.6 e inyeccion intramuscular,FACTORES QUE INFLUYEN EN EL ESTADO DE SALUD O EL CONTACTO CON LOS SERVICIOS DE SALUD
XE7S6,Preservativo u otro dispositivo anticonceptivo,X CÓDIGOS DE EXTENSIÓN
XA3772,Ligamento rotuliano,X CÓDIGOS DE EXTENSIÓN
